{"__class__": "Scene", "obstacles": [{"__class__": "ObstaclePolygon", "poly": [[-1.0, 1.0], [-1.0, -1.0], [1.0, -1.0], [1.0, 1.0]], "data": {"color": "", "name": "", "value": "", "details": ""}}, {"__class__": "ObstaclePolygon", "poly": [[-6.0, -3.0], [-6.0, -4.0], [6.0, -4.0], [6.0, -3.0]], "data": {"color": "", "name": "", "value": "", "details": ""}}, {"__class__": "ObstaclePolygon", "poly": [[-6.0, 3.0], [6.0, 3.0], [6.0, 4.0], [-6.0, 4.0]], "data": {"color": "", "name": "", "value": "", "details": ""}}, {"__class__": "ObstaclePolygon", "poly": [[6.0, -4.0], [7.0, -4.0], [7.0, 4.0], [6.0, 4.0]], "data": {"color": "", "name": "", "value": "", "details": ""}}, {"__class__": "ObstaclePolygon", "poly": [[-6.0, -4.0], [-6.0, 4.0], [-7.0, 4.0], [-7.0, -4.0]], "data": {"color": "", "name": "", "value": "", "details": ""}}], "robots": [{"__class__": "RobotDisc", "radius": 1.0, "start": [-3.0, 0.0], "end": [3.0, 0.0], "data": {"color": "HSV 353,200,230", "name": "", "value": "", "details": ""}}, {"__class__": "RobotDisc", "radius": 1.0, "start": [3.0, 0.0], "end": [-3.0, 0.0], "data": {"color": "HSV 80,200,230", "name": "", "value": "", "details": ""}}], "metadata": {"version": "1.0.1", "solvers": "dRRT", "details": "Simple scene example"}}