{"__class__": "Scene", "obstacles": [], "robots": [{"__class__": "RobotDisc", "radius": 0.5, "start": [6.0, 3.0], "end": [-10.0, -4.0], "data": {"color": "HSV 44,200,230", "name": "", "value": "", "details": ""}}, {"__class__": "RobotDisc", "radius": 0.5, "start": [4.0, -4.0], "end": [-7.0, 3.0], "data": {"color": "HSV 16,200,230", "name": "", "value": "", "details": ""}}, {"__class__": "RobotDisc", "radius": 0.5, "start": [3.0, -4.0], "end": [-7.0, -4.0], "data": {"color": "HSV 219,200,230", "name": "", "value": "", "details": ""}}, {"__class__": "RobotDisc", "radius": 0.5, "start": [5.0, -4.0], "end": [-9.0, -7.0], "data": {"color": "HSV 118,200,230", "name": "", "value": "", "details": ""}}, {"__class__": "RobotDisc", "radius": 0.5, "start": [5.0, 3.0], "end": [-8.0, -1.0], "data": {"color": "HSV 71,200,230", "name": "", "value": "", "details": ""}}, {"__class__": "RobotDisc", "radius": 0.5, "start": [7.0, 3.0], "end": [-5.0, 4.0], "data": {"color": "HSV 349,200,230", "name": "", "value": "", "details": ""}}, {"__class__": "RobotDisc", "radius": 0.5, "start": [6.0, 0.0], "end": [-6.0, 0.0], "data": {"color": "HSV 137,200,230", "name": "", "value": "", "details": ""}}, {"__class__": "RobotDisc", "radius": 0.5, "start": [4.0, -1.0], "end": [-5.0, -2.0], "data": {"color": "HSV 157,200,230", "name": "", "value": "", "details": ""}}, {"__class__": "RobotDisc", "radius": 0.5, "start": [6.0, -2.0], "end": [-5.0, -5.0], "data": {"color": "HSV 262,200,230", "name": "", "value": "", "details": ""}}, {"__class__": "RobotDisc", "radius": 0.5, "start": [4.0, 1.0], "end": [-7.0, -6.0], "data": {"color": "HSV 65,200,230", "name": "", "value": "", "details": ""}}, {"__class__": "RobotDisc", "radius": 0.5, "start": [7.0, 1.0], "end": [-7.0, -8.0], "data": {"color": "HSV 308,200,230", "name": "", "value": "", "details": ""}}], "metadata": {"version": "1.0.1", "solvers": "MAPF", "details": "Simple MAPF scene"}}