{"__class__": "Scene", "obstacles": [{"__class__": "ObstaclePolygon", "poly": [[-1.0, -1.0], [-1.0, 1.0], [1.0, 1.0], [1.0, -1.0]], "data": null}, {"__class__": "ObstaclePolygon", "poly": [[-7.0, -4.0], [-7.0, 4.0], [-6.0, 4.0], [-6.0, -4.0]], "data": null}, {"__class__": "ObstaclePolygon", "poly": [[6.0, -4.0], [6.0, 4.0], [7.0, 4.0], [7.0, -4.0]], "data": null}, {"__class__": "ObstaclePolygon", "poly": [[-6.0, 3.5], [-6.0, 4.0], [6.0, 4.0], [6.0, 3.5]], "data": null}, {"__class__": "ObstaclePolygon", "poly": [[-6.0, -4.0], [-6.0, -3.5], [6.0, -3.5], [6.0, -4.0]], "data": null}], "robots": [{"__class__": "RobotDisc", "radius": 1.0, "start": [-3.0, 0.0], "end": [3.0, 0.0], "data": null}, {"__class__": "RobotDisc", "radius": 1.0, "start": [3.0, 0.0], "end": [-3.0, 0.0], "data": null}], "metadata": {}}