{"__class__": "Scene", "obstacles": [{"__class__": "ObstaclePolygon", "poly": [[-11.0, 15.0], [-11.0, 14.0], [12.0, 14.0], [12.0, 15.0]], "data": {"color": "", "name": "", "value": "", "details": ""}}, {"__class__": "ObstaclePolygon", "poly": [[-11.0, 14.0], [-11.0, -12.0], [-10.0, -12.0], [-10.0, 14.0]], "data": {"color": "", "name": "", "value": "", "details": ""}}, {"__class__": "ObstaclePolygon", "poly": [[-10.0, -11.0], [-10.0, -12.0], [13.0, -12.0], [13.0, -11.0]], "data": {"color": "", "name": "", "value": "", "details": ""}}, {"__class__": "ObstaclePolygon", "poly": [[12.0, 15.0], [12.0, -11.0], [13.0, -11.0], [13.0, 15.0]], "data": {"color": "", "name": "", "value": "", "details": ""}}, {"__class__": "ObstaclePolygon", "poly": [[-2.0, 10.0], [-2.0, -8.0], [4.0, -8.0], [4.0, 10.0]], "data": {"color": "", "name": "", "value": "", "details": ""}}], "robots": [{"__class__": "RobotPolygon", "poly": [[-1.0, 1.0], [-1.0, -2.0], [2.0, -2.0], [2.0, 1.0]], "start": [-7.0, 8.0], "end": [8.0, -7.0], "data": {"color": "yellow", "name": "", "value": "", "details": ""}}, {"__class__": "RobotDisc", "radius": 1.0, "start": [-7.0, 1.0], "end": [8.0, -1.0], "data": {"color": "HSV 179,200,230", "name": "", "value": "", "details": ""}}, {"__class__": "RobotDisc", "radius": 1.0, "start": [-7.0, -3.0], "end": [8.0, 4.0], "data": {"color": "HSV 352,200,230", "name": "", "value": "", "details": ""}}, {"__class__": "RobotDisc", "radius": 1.0, "start": [-7.0, -7.0], "end": [8.0, 9.0], "data": {"color": "HSV 123,200,230", "name": "", "value": "", "details": ""}}], "metadata": {"version": "1.0.1"}}